company_name,website,industry,short_description,target_persona,pain_points,evidence_urls,evidence_snippets,reference_outreach,confidence_score,needs_human_review,source_quality_score,generated_at,validation_reasons
HubSpot,https://www.hubspot.com,Customer Relationship Management (CRM) Software and Marketing Automation,"HubSpot provides an all-in-one agentic customer platform that integrates marketing, sales, and customer service software to help businesses grow, scale, close deals, retain customers, and improve customer loyalty efficiently.","Go-to-market teams including marketers, sales professionals, and customer service teams","[""Fragmented tools and processes across marketing, sales, and customer service that slow down growth and efficiency."", ""Difficulties in automating marketing campaigns and generating high-quality leads efficiently."", ""Challenges in supporting customers at scale effectively, requiring help desk and AI support."", ""Lack of integrated content creation tools to easily create compelling marketing content for campaigns.""]","[""https://www.hubspot.com/about"", ""https://www.hubspot.com/jobs"", ""https://www.hubspot.com/company-news"", ""https://www.hubspot.com/careers/jobs/5986251"", ""https://www.hubspot.com/customers"", ""https://www.hubspot.com/pricing"", ""https://www.hubspot.com/use-cases"", ""https://www.hubspot.com/careers"", ""https://www.hubspot.com/company"", ""https://www.hubspot.com/careers/jobs/5988684"", ""https://www.hubspot.com/blog"", ""https://www.hubspot.com/about-us"", ""https://www.hubspot.com/case-studies"", ""https://ir.hubspot.com/news"", ""https://www.hubspot.com/newsroom"", ""https://www.hubspot.com"", ""https://www.hubspot.com/docs""]","[""Logo - Full (Color) ![](https://www.hubspot.com/hubfs/HS_Full_Bleed_1_optmised.webp) HubSpot Agentic Customer Platform # Where go-to-marketteams go to - grow - scale - close - retain - grow Unite marketing, sales, and customer service on one agenticcustomer platform that delivers results fast. [Get a demo\\\\ of HubSpot's premium software](https://offers.hubspot.com/crm-platform-demo?hubs_signup-url"", ""Logo - Full (Color) # About Us HubSpot\u2019s company and culture are a lot like our product. They\u2019re crafted, not cobbled, for a delightful experience. ![](https://www.hubspot.com/hs-fs/hubfs/Imported%20sitepage%20images/Hubspotters.jpg?width=965&height=644&name=Hubspotters.jpg) ![grow-better](https://www.hubspot.com/hs-fs/hubfs/grow-better.jpg?width=567&height=378&name=grow-better.jpg) ## Our Mission"", ""Logo - Full (Color) # About Us HubSpot\u2019s company and culture are a lot like our product. They\u2019re crafted, not cobbled, for a delightful experience. ![](https://www.hubspot.com/hs-fs/hubfs/Imported%20sitepage%20images/Hubspotters.jpg?width=965&height=644&name=Hubspotters.jpg) ![grow-better](https://www.hubspot.com/hs-fs/hubfs/grow-better.jpg?width=567&height=378&name=grow-better.jpg) ## Our Mission"", ""Logo - Full (Color) # About Us HubSpot\u2019s company and culture are a lot like our product. They\u2019re crafted, not cobbled, for a delightful experience. ![](https://www.hubspot.com/hs-fs/hubfs/Imported%20sitepage%20images/Hubspotters.jpg?width=965&height=644&name=Hubspotters.jpg) ![grow-better](https://www.hubspot.com/hs-fs/hubfs/grow-better.jpg?width=567&height=378&name=grow-better.jpg) ## Our Mission"", ""Logo - Full (Color) ##### Save up to 65% on Starter Smarter tools, lower price. Get special Starter pricing when you choose a monthly or annual subscription. New customers only. Select offers available for a limited time. HubSpot AEO New See how your business shows up in answer engines HubSpot AEO shows you how you appear in ChatGPT, Gemini, and Perplexity, where competitors are winning, and what "", ""# Real success stories, Remarkable growth. Learn from the customers who move faster, work smarter, and make customer loyalty look easy. Find a success story relevant to your business All IndustriesArchitecture & PlanningAutomotive & TransportationBanking & Financial ServicesChemical & BiotechnologyConstructionConsumer GoodsConsumer ServicesCybersecurityEcommerceEducationEnergy & UtilitiesEventsFoo"", ""# Real success stories, Remarkable growth. Learn from the customers who move faster, work smarter, and make customer loyalty look easy. Find a success story relevant to your business All IndustriesArchitecture & PlanningAutomotive & TransportationBanking & Financial ServicesChemical & BiotechnologyConstructionConsumer GoodsConsumer ServicesCybersecurityEcommerceEducationEnergy & UtilitiesEventsFoo"", ""Logo - Full (Color) ## Looks like you've drifted off course. Vector distance: 0.17150670289993286 That page doesn't exist. But based on where you were headed, this one's worth a look: [Bitfocus Gave Caseworkers 40% of Their Time Back So More People Get the Help They Need](https://www.hubspot.com/case-studies/bitfocus-customer-agent?hubs_content=www.hubspot.com%2F404&hubs_content-cta=smart404-Bitfo"", ""# Marketing Insights, ideas, and inspiration for modern marketers. Subscribe to Marketing Against the Grain \u2014 HubSpot\u2019s newsletter for top strategies and practical advice from expert marketers. Must enter a valid email Subscribe We're committed to your privacy. HubSpot uses the information you provide to us to contact you about our relevant content, products, and services. You may unsubscribe from"", ""Logo - Full (Color) ## Looks like you've drifted off course. Vector distance: 0.14477616548538208 That page doesn't exist. But based on where you were headed, this one's worth a look: [Free Standard Operating Procedure Template for Google Docs & Word](https://www.hubspot.com/resources/templates/sop-template?hubs_content=www.hubspot.com%2F404&hubs_content-cta=smart404-Free%2520Standard%2520Operatin"", ""Logo - Full (Color) # Where the bold go to grow [Get future-ready.](https://www.hubspot.com/careers/jobs?hubs_signup-cta=careers-nav-cta&page=1) ![](https://www.hubspot.com/hubfs/assets/hs-cms-modules/page-header-image-full-bleed/hubspot-2025/image-5.png) Secondary Menu Scroll LeftScroll Right [See all open positions\\\\ in hubspot](https://www.hubspot.com/careers/jobs?hubs_signup-cta=careers-nav-ct"", ""Logo - Full (Color) # Where the bold go to grow [Get future-ready.](https://www.hubspot.com/careers/jobs?hubs_signup-cta=careers-nav-cta&page=1) ![](https://www.hubspot.com/hubfs/assets/hs-cms-modules/page-header-image-full-bleed/hubspot-2025/image-5.png) Secondary Menu Scroll LeftScroll Right [See all open positions\\\\ in hubspot](https://www.hubspot.com/careers/jobs?hubs_signup-cta=careers-nav-ct"", ""HubSpot announced new and updated products to help go-to-market teams build awareness, grow revenue, and scale support at Spring 2026 Spotlight."", ""Check out the latest HubSpot announcements. Read Company News. HubSpot in the News. Browse some of the news coverage we've received recently. ADWEEK's AI"", ""HubSpot Reports Strong Q4 and Full Year 2025 Results Q4'25 revenue grew 20% on an as-reported basis and 18% in constant currency compared to Q4'24"", ""## The HubSpot Customer Platform. All of HubSpot's marketing, sales, and customer service software on one agentic platform. ### Marketing Hub. ### Sales Hub. ### Content Hub. The Starter edition of each product, built for startups and small businesses. ### Automate marketing. Create campaigns with automation and AI. Generate a pipeline of high-quality prospects. Streamline your process and close more deals faster. Support customers at scale with AI and a help desk. ### Create content. Easily cra"", ""## The HubSpot Customer Platform. All of HubSpot's marketing, sales, and customer service software on one agentic platform. ### Marketing Hub. ### Sales Hub. ### Content Hub. The Starter edition of each product, built for startups and small businesses. ### Automate marketing. Create campaigns with automation and AI. Generate a pipeline of high-quality prospects. Streamline your process and close more deals faster. Support customers at scale with AI and a help desk. ### Create content. Easily cra""]","Hi there,

I’ve noticed HubSpot’s unique agentic customer platform that unites marketing, sales, and customer service to deliver results fast. Many go-to-market teams face challenges with fragmented tools and processes slowing growth and efficiency. Since HubSpot is crafted for a delightful experience, I wonder if you’re exploring ways to further streamline workflows across your teams?

I’d love to share insights from other companies in the CRM space who’ve enhanced integration and automation successfully. Are you available next week for a brief chat?

Best regards,
[Your Name]",0.9,True,0.9400000000000001,2026-07-06T02:01:34.775608+00:00,"[""unsupported_outreach_claims""]"
Canva,https://www.canva.com,Graphic Design and Digital Content Creation,"Canva is a graphic design platform that enables users to create visual content such as presentations, social media graphics, posters, and other digital documents with ease using a drag-and-drop interface and various templates and design tools.","Individual users, small business owners, marketers, educators, and creative professionals who need accessible and easy-to-use design tools.","[""Users need essential cookies to make the platform work and face cookie consent choices which may affect personalization and user experience."", ""Difficulty accessing certain information pages such as 'About Us', 'Company', 'Customers', 'Use Cases', 'Blog', and 'Jobs' resulting in 404 errors which can hinder user experience and resource discovery."", ""Users and businesses may need advanced features such as AI-powered tools and add-ons to fast-track their creative vision, available for specific paid plans, implying a trade-off between cost and functionality.""]","[""https://lbbonline.com/news/canva-launches-canva-ai-2"", ""https://www.canva.com/about"", ""https://www.canva.com"", ""https://www.canva.com/use-cases"", ""https://www.canva.com/blog"", ""https://www.canva.com/learn/jobs-and-career"", ""https://www.canva.com/newsroom/news/how-to-land-a-job-at-canva"", ""https://www.canva.com/jobs"", ""https://www.canva.com/careers"", ""https://www.canva.com/pricing"", ""https://www.canva.com/case-studies"", ""https://www.crunchbase.com/organization/canva/company_overview/overview_timeline"", ""https://www.canva.com/company"", ""https://www.canva.com/customers"", ""https://techcrunch.com/2025/10/30/canva-launches-its-own-design-model-adds-new-ai-features-to-the-platform"", ""https://www.canva.com/about-us"", ""https://www.canva.com/docs""]","[""Loading #### But first, cookies \ud83c\udf6a We use essential cookies to make Canva work. We\u2019d like to use other cookies to improve and personalize your visit, tailor ads you see from us on Canva and partner sites, and to analyze our website\u2019s performance, but only if you accept. Learn more about your choices in [our cookie policy](https://www.canva.com/policies/cookies-policy/). Accept all cookiesManage coo"", ""[Skip to main content](https://www.canva.com/about/#main) ![A person using a laptop with another person watching](https://content-management-files.canva.com/bef55557-7453-4f55-a5a0-33babb9d53d9/image-1.png) ![A person writing down notes on their tablet](https://content-management-files.canva.com/c5bbe1e7-3a7c-4433-bed5-ffc8f7de472e/image-2.png) ![A person holding a baby presenting a design made us"", ""![](https://static.canva.com/domain-assets/canva/error/images/logos/logo-light.svg)![](https://static.canva.com/domain-assets/canva/error/images/logos/logo-dark.svg) # Looks like we hit a roadblock That link doesn't work. [Go to home](https://www.canva.com/) to keep designing. Error: 404 \u2022 Ray ID: a16b0abf69e0b086-IAD Close"", ""![](https://static.canva.com/domain-assets/canva/error/images/logos/logo-light.svg)![](https://static.canva.com/domain-assets/canva/error/images/logos/logo-dark.svg) # Looks like we hit a roadblock That link doesn't work. [Go to home](https://www.canva.com/) to keep designing. Error: 404 \u2022 Ray ID: a16b0ac8883e7fa2-IAD Close"", ""[Skip to main content](https://www.canva.com/pricing/#main-content) Fast-track your creative vision with AI Pass, available as an add-on to any Canva Pro or Business plan. [Learn more](https://www.canva.com/ai-pass/) # Plans and pricing ![Headphone](https://static.canva.com/web/images/47e49be9b7c4d4b61019cdf369c6dd01.png) Individuals and business ![Headphone](https://static.canva.com/web/images/47"", ""![](https://static.canva.com/domain-assets/canva/error/images/logos/logo-light.svg)![](https://static.canva.com/domain-assets/canva/error/images/logos/logo-dark.svg) # Looks like we hit a roadblock That link doesn't work. [Go to home](https://www.canva.com/) to keep designing. Error: 404 \u2022 Ray ID: a16b0adc7c00430c-IAD Close"", ""But first, cookies \ud83c\udf6a We use essential cookies to make Canva work. We\u2019d like to use other cookies to improve and personalise your visit, tailor ads you see from us on Canva and partner sites, and to analyse our website\u2019s performance, but only if you accept. Learn more about your choices in [our cookie policy](https://www.canva.com/policies/cookies-policy/). Accept all cookiesManage cookies # Canva "", ""![](https://static.canva.com/domain-assets/canva/error/images/logos/logo-light.svg)![](https://static.canva.com/domain-assets/canva/error/images/logos/logo-dark.svg) # Looks like we hit a roadblock That link doesn't work. [Go to home](https://www.canva.com/) to keep designing. Error: 404 \u2022 Ray ID: a16b0b6418596c0f-IAD Close"", ""![](https://static.canva.com/domain-assets/canva/error/images/logos/logo-light.svg)![](https://static.canva.com/domain-assets/canva/error/images/logos/logo-dark.svg) # Looks like we hit a roadblock That link doesn't work. [Go to home](https://www.canva.com/) to keep designing. Error: 404 \u2022 Ray ID: a16b0b6bbb6d7ae9-IAD Close"", ""#### But first, cookies \ud83c\udf6a We use essential cookies to make Canva work. We\u2019d like to use other cookies to improve and personalize your visit, tailor ads you see from us on Canva and partner sites, and to analyze our website\u2019s performance, but only if you accept. Learn more about your choices in [our cookie policy](https://www.canva.com/policies/cookies-policy/). Accept all cookiesManage cookies Loa"", ""[Skip to main content](https://www.lifeatcanva.com/en/#content) # DesignyourfuturewithCanva ![a person smiling with her hands on her stomach](https://www.lifeatcanva.com/media/uqxoxehj/peop24001_careerssite_jessicachiew_sales_sf_0381.jpg?cc=0,0.14756330600817782,0.0000000000000001395142791316,0.18544450649182223&width=215&height=215&rmode=crop&quality=75&v=1dcec13eb05c570&hmac=4541b58732acb0c9cf59"", ""![](https://static.canva.com/domain-assets/canva/error/images/logos/logo-light.svg)![](https://static.canva.com/domain-assets/canva/error/images/logos/logo-dark.svg) # Looks like we hit a roadblock That link doesn't work. [Go to home](https://www.canva.com/) to keep designing. Error: 404 \u2022 Ray ID: a16b0c2f58caf2b9-IAD Close"", ""Apr 8, 2026 Canva acquired Simtheory. Apr 8, 2026 Canva acquired Ortto. Mar 25, 2026 Canva acquired Doohly"", ""Canva is launching new features like Forms and email design, and it makes Affinity free for all users."", ""Canva has unveiled Canva AI 2.0 \u2013 its \u201cbiggest ever\u201d platform upgrade, turning the site into a \u201cconversational, agentic platform\u201d across the"", ""## Digital design. ## Print design. ## Canva for business. ### Business plans. Canva EnterpriseCanva Business## All Canva for business. MarketingSalesITCreativesHigher educationReal estateGovernmentSmall business## All solutions. Marketing and AIVisual CommsTEI of Canva Enterprise## All resources. ## Canva for education. Education overviewCanva for studentsEducation plans. Canva for schools and districtsProduct featuresLMS integrationsK-12 case studiesContact us. Canva for higher educationCase s"", ""Here are some tips and tricks to help you stand out from the crowd when applying for a job at Canva. If you\u2019re thinking about taking the next step in your career at a new company, you\u2019ve probably got a lot of questions. Our new careers website\u2060(opens in a new tab or window) aims to bring this all to life in one spot \u2013 and ultimately, help you envisage yourself designing your future at Canva. And because we don\u2019t expect you to just take our word for it, you\u2019ll also see stories from a bunch of dif""]","Hi Canva Team,

I noticed your platform uses essential cookies to operate effectively, yet cookie consent choices may impact personalization and user experience. Many creative professionals find balancing privacy and tailored content challenging, which can affect engagement.

Given Canva’s leadership in accessible design tools, would you be open to exploring solutions that optimize cookie management for enhanced user experience without compromising functionality?

I’d love to schedule a quick call next week to discuss.

Best regards,
[Your Name]",0.7,True,0.98,2026-07-06T02:06:10.576044+00:00,"[""low_confidence_score""]"
Outreach,https://www.outreach.io,Sales and Revenue Operations,"Outreach provides an agentic AI platform designed for revenue teams to enhance prospecting, deal management, forecasting, coaching, and account expansion.","Account Executives, Sales Leaders, Revenue Executives","[""Sales teams often don't have enough sellers to cover all deals, accounts, and prospects effectively, leading to missed opportunities."", ""Revenue teams face fragmented tools and lack a unified platform to orchestrate prospecting, managing deals, forecasting, coaching, and expanding accounts."", ""Sales execution platforms need continual product enhancements and features to support entire revenue teams effectively in a dynamic market."", ""Revenue teams require advanced AI capabilities to improve execution across all aspects of the sales process, necessitating innovative agentic AI technology.""]","[""https://www.outreach.io/careers"", ""https://www.outreach.io/resources/blog/sales-career-path"", ""https://www.outreach.io"", ""https://www.businesswire.com/news/home/20260427304135/en/Outreach-Launches-Omni-Reimagining-How-Revenue-Teams-Execute-with-AI-Agents"", ""https://www.outreach.io/company"", ""https://www.outreach.io/customers"", ""https://www.outreach.io/docs"", ""https://www.outreach.ai/product-updates"", ""https://www.outreach.io/about"", ""https://www.outreach.io/use-cases"", ""https://www.outreach.io/jobs"", ""https://www.outreach.io/company/working-at-outreach"", ""https://www.outreach.io/blog"", ""https://www.outreach.io/about-us"", ""https://www.outreach.io/pricing"", ""https://www.demandgenreport.com/industry-news/outreach-announces-new-cfo-ai-powered-product-updates/48877"", ""https://www.outreach.io/case-studies""]","[""# Agentic AI Platform for Revenue Teams ## You didn\u2019t hire enough sellers. Now you don\u2019t have to. Outreach AI Agents act as a teammate to work every deal, every account, for every rep simultaneously. Outreach is the only revenue orchestration platform for prospecting, managing deals, forecasting, coaching, and expanding accounts \u2014 all in one agentic AI platform. Request a demo [Request a demo](htt"", ""404 # Page Not Found The page you are looking for doesn't exist or has been moved Go home [Go home](https://www.outreach.ai/) ![AI sparkle](https://cdn.prod.website-files.com/696ea7504e736c595e9a2313/698395e7d507e36239ae2d27_ai-sparkle.svg) ## Outreach Agentic AI Platform for Revenue Teams See how Outreach helps sellers close over 2 million opportunities every month Request a demo [Request a demo]"", ""404 # Page Not Found The page you are looking for doesn't exist or has been moved Go home [Go home](https://www.outreach.ai/) ![AI sparkle](https://cdn.prod.website-files.com/696ea7504e736c595e9a2313/698395e7d507e36239ae2d27_ai-sparkle.svg) ## Outreach Agentic AI Platform for Revenue Teams See how Outreach helps sellers close over 2 million opportunities every month Request a demo [Request a demo]"", ""# About outreach ## The most determined group of people you\u2019ve ever met At Outreach, we help our customers change the world. The company was started in early 2014 by four founders with unmatched determination and a big dream. Today, we are a large team of passionate people working together, and winning together. ![Outreach team at Seattle office](https://cdn.prod.website-files.com/696ea7504e736c59"", ""Outreach Pricing and Packages # AI Agent Platform Pricing for Revenue Teams Reach out to our team for custom pricing based on your team\u2019s needs. Outreach is the [AI Agent Platform for Revenue teams](https://www.outreach.ai/ai-agents) \u2014 built to help [AEs](https://www.outreach.ai/persona/account-executives), [sales leaders](https://www.outreach.ai/persona/sales-leadership), and [revenue executives]"", ""# Customer stories Outreach customers create and close more pipeline Industries All Industries All Industries Business services Software Financial Services Healthcare Media Telecommunications Capabilities All Capabilities All Capabilities Sales engagement Deal management Mutual action plans Conversation intelligence Rep coaching Deal health insights Pipeline Management Sales forecasting ![Arrow ri"", ""# Customer stories Outreach customers create and close more pipeline Industries All Industries All Industries Business services Software Financial Services Healthcare Media Telecommunications Capabilities All Capabilities All Capabilities Sales engagement Deal management Mutual action plans Conversation intelligence Rep coaching Deal health insights Pipeline Management Sales forecasting ![Arrow ri"", ""404 # Page Not Found The page you are looking for doesn't exist or has been moved Go home [Go home](https://www.outreach.ai/) ![AI sparkle](https://cdn.prod.website-files.com/696ea7504e736c595e9a2313/698395e7d507e36239ae2d27_ai-sparkle.svg) ## Outreach Agentic AI Platform for Revenue Teams See how Outreach helps sellers close over 2 million opportunities every month Request a demo [Request a demo]"", ""# Blog Get tips, tricks, and best practices from top sales leaders Categories All Categories All Categories Unleash Thought leadership Product news Tips & Tricks Outreach on Outreach Customer success Outreach Insights Group Outreach Artificial Intelligence Webinars Capabilities All Capabilities All Capabilities Sales engagement Deal management Mutual action plans Conversation intelligence Rep coac"", ""404 # Page Not Found The page you are looking for doesn't exist or has been moved Go home [Go home](https://www.outreach.ai/) ![AI sparkle](https://cdn.prod.website-files.com/696ea7504e736c595e9a2313/698395e7d507e36239ae2d27_ai-sparkle.svg) ## Outreach Agentic AI Platform for Revenue Teams See how Outreach helps sellers close over 2 million opportunities every month Request a demo [Request a demo]"", ""Careers # Working at Outreach At Outreach, we help our customers change the world. The company was started in early 2014 by four founders with unmatched determination and a big dream. Today, we are a large team of passionate people working together, and winning together. View open roles [View open roles](https://www.outreach.ai/company/working-at-outreach#roles) ![Outreach Seattle office](https://"", ""Careers # Working at Outreach At Outreach, we help our customers change the world. The company was started in early 2014 by four founders with unmatched determination and a big dream. Today, we are a large team of passionate people working together, and winning together. View open roles [View open roles](https://www.outreach.ai/company/working-at-outreach#roles) ![Outreach Seattle office](https://"", ""Outreach has launched new features and product enhancements for its sales execution platform to support entire revenue teams."", ""Outreach, the agentic AI platform for revenue teams, has announced its Spring 2026 product release, furthering its leadership in agentic AI"", ""Stay updated with the latest Outreach product news. Discover the highlights from our recent quarterly release. Explore now!"", ""# Working at Outreach. At Outreach, we help our customers change the world. The company was started in early 2014 by four founders with unmatched determination and a big dream. Today, we are a large team of passionate people working together, and winning together. ## See why we\u2019re a top-rated employer. ### Best places to work in Washington. ### 10+ Best Company awards. ### Best large company to work for in Seattle. ### Top 100 Software Companies. Extended PTO for both parents, plus unique perks "", ""Explore sales career paths, key job titles, skills, and emerging roles. Discover what makes a great salesperson and find your best fit in""]","Hi there,

I noticed Outreach helps sellers close over 2 million opportunities monthly using its agentic AI platform that orchestrates all revenue team functions in one place. Many sales teams struggle without enough sellers to cover all deals and accounts effectively, which leads to missed opportunities. Given Outreach's AI capabilities, are you open to discussing how AI agents could augment your team’s capacity and reduce missed deals efficiently?

Would you be available for a brief call next week to explore this?

Best regards,",0.9,True,0.98,2026-07-06T02:07:01.768762+00:00,"[""unsupported_outreach_claims""]"
LaunchDarkly,https://launchdarkly.com,Software Development / DevOps,"LaunchDarkly offers a feature management platform that enables teams to control, de-risk, and optimize AI and software releases in real-time. It provides tools for managing feature flags to help companies ship code faster and safer, especially in AI development environments.","Software development teams, DevOps engineers, AI development teams in enterprises and startups","[""Difficulty in managing AI code and agents in real-time, requiring tools that enable control and risk reduction during software releases."", ""Need to deploy software faster while minimizing risks associated with releases by decoupling deployments from actual feature releases."", ""Lack of observability and analytics capabilities to innovate faster without increasing risk during software development and release cycles."", ""Challenges in shipping and managing software features safely and effectively across various languages and frameworks, ensuring safer and faster code releases.""]","[""https://launchdarkly.com/case-studies"", ""https://launchdarkly.com/blog"", ""https://launchdarkly.com/jobs"", ""https://launchdarkly.com/blog/universal-truths-on-becoming-a-dark-launcher"", ""https://launchdarkly.com/pricing"", ""https://launchdarkly.com"", ""https://launchdarkly.com/use-cases"", ""https://launchdarkly.com/blog/launchdarkly-2021-galaxy-conference-20-trillion-feature-flags-hiring"", ""https://launchdarkly.com/docs"", ""https://launchdarkly.com/customers"", ""https://launchdarkly.com/blog/category/team-news"", ""https://launchdarkly.com/company"", ""https://launchdarkly.com/about"", ""https://launchdarkly.com/press-and-analysts"", ""https://launchdarkly.com/careers"", ""https://launchdarkly.com/about-us""]","[""Skip to: # Move at AI speed. Stay in control. The runtime control layer for AI development, de-risking releases, and enabling systems that heal and optimize themselves. Must be valid email. (example@yourdomain.com) Please enter a work email for a demo. Book a demo By supplying my contact information, I authorize LaunchDarkly to contact me with personalized marketing communications about our produc"", ""Skip to: ![Pink Cloud background](https://images.prismic.io/launchdarkly-marketingsite/aixLLKlQnVZVETT4_img-bg--pink-cloud.png?auto=format%2Ccompress&fit=max&w=3840) # Oops, we seem to be hallucinating. Sorry about the 404 error, but this page doesn't exist. [Return home](https://launchdarkly.com/)"", ""Skip to: About us # We\u2019re helping teams thrive in the AI era. LaunchDarkly gives large enterprises and small startups the tools they need to maintain real-time control of AI code and agents. [View open roles](https://launchdarkly.com/careers/) [Contact us](https://launchdarkly.com/contact-us/) ![](https://images.prismic.io/launchdarkly-marketingsite/aj1X1VbRV8_Qf4u__star-label-icon-green.png?auto="", ""Skip to: ![Pink Cloud background](https://images.prismic.io/launchdarkly-marketingsite/aixLLKlQnVZVETT4_img-bg--pink-cloud.png?auto=format%2Ccompress&fit=max&w=3840) # Oops, we seem to be hallucinating. Sorry about the 404 error, but this page doesn't exist. [Return home](https://launchdarkly.com/) Marketo Forms 2 Cross Domain request proxy frame ## This page is used by Marketo Forms 2 to proxy cr"", ""Skip to: ![](https://images.prismic.io/launchdarkly-marketingsite/agUf0aYofJOwHPAx_pricing--full-platform-graphic.png?auto=format%2Ccompress&fit=max&w=3840) ##### Select an option below to view plans ![CodeControl icon](https://images.prismic.io/launchdarkly-marketingsite/agx7W6YofJOwHYOj_icon-pricing--codecontrol.png?auto=format%2Ccompress&fit=max&w=3840) CodeControlFor teams shipping and managin"", ""Skip to: # Trusted by industry-leading teams. Discover how customers improve releases, reduce risk, and accelerate growth. [See all stories](https://launchdarkly.com/customer-stories/#customer-stories) ![Block](https://images.prismic.io/launchdarkly-marketingsite/ZlXxIaWtHYXtT3El_block-logo-white.png?auto=format,compress) ![GoPro](https://launchdarkly.cdn.prismic.io/launchdarkly/aTM65HNYClf9n37s_Z"", ""Skip to: # Trusted by industry-leading teams. Discover how customers improve releases, reduce risk, and accelerate growth. [See all stories](https://launchdarkly.com/customer-stories/#customer-stories) ![Block](https://images.prismic.io/launchdarkly-marketingsite/ZlXxIaWtHYXtT3El_block-logo-white.png?auto=format,compress) ![GoPro](https://launchdarkly.cdn.prismic.io/launchdarkly/aTM65HNYClf9n37s_Z"", ""Skip to: # Feature flag use cases. Leverage the power of feature flags for everything from releases and operations to experimentation and entitlements. [Free trial](https://app.launchdarkly.com/signup) [Contact sales](https://launchdarkly.com/contact-sales/) ## Some of the most common use cases for feature flags ##### Decoupling deployments from releases Gain the confidence to deploy faster. Featu"", ""Skip to: ![Blog Landing Background Image](https://images.prismic.io/launchdarkly/aicPVgeQX7-eW_Ag_img-bg--blog-landing.png?auto=format%2Ccompress&fit=max&w=3840) # LaunchDarkly Blog ![](https://launchdarkly-marketingsite.cdn.prismic.io/launchdarkly-marketingsite/Z5WVkpbqstJ992cY_backspace-icon-blue.svg) ![Search icon](https://launchdarkly-marketingsite.cdn.prismic.io/launchdarkly-marketingsite/Z5V"", ""For AI agents: a documentation index is available at the root level at /llms.txt. Append /llms.txt to any URL for a page-level index, or .md for the markdown version of any page. Get started # Welcome to LaunchDarkly Docs LaunchDarkly serves a suite of tools that help you ship your code safer, faster, and more effectively with whatever language and frameworks you use today. [Try it free \u2192](https:/"", ""Skip to: ## Join the LaunchDarkly team. Take your career to new heights and change the way teams build and deliver the software that powers our world. ![](https://images.prismic.io/launchdarkly-marketingsite/aj1X1VbRV8_Qf4u__star-label-icon-green.png?auto=format%2Ccompress&fit=max&w=96) Open positions Looks like the page isn't loading correctly. Try refreshing your browser or you can also find ope"", ""Skip to: ## Join the LaunchDarkly team. Take your career to new heights and change the way teams build and deliver the software that powers our world. ![](https://images.prismic.io/launchdarkly-marketingsite/aj1X1VbRV8_Qf4u__star-label-icon-green.png?auto=format%2Ccompress&fit=max&w=96) Open positions Looks like the page isn't loading correctly. Try refreshing your browser or you can also find ope"", ""Today begins an exciting new chapter for LaunchDarkly! We're welcoming Dan Rogers as CEO and our co-founder Edith Harbaugh is stepping into the role of"", ""LaunchDarkly Introduces New Release Observability, AI Configurations, and Analytics Capabilities to Help Developers Innovate Faster Without the Risk \u00b7 Apr 29"", ""Get hands-on with AgentControl at our live workshop on June 24. When John Kodumal (CTO) and I started LaunchDarkly in 2014, we had a goal to help software teams move faster with less risk. As our mission says\u2014\u201cSoftware powers the world, LaunchDarkly helps all customers deliver and control their software.\u201d It\u2019s amazingly gratifying to see how our customers are using feature management to improve the lives of their customers. I want to share some of the things LaunchDarkly has planned for 2021, in"", ""Get hands-on with AgentControl at our live workshop on June 24. Being a part of LaunchDarkly in this moment is both humbling and awesome, even Business Insider says we're\u00a0a company to bet your career on\u00a0this year. And even before I know anything about the company or position someone is interested in, there are a few universal truths about hiring I like to share. If you want to love what you do and be happy in your career, you should absolutely research the company you're applying to. As much as ""]","Hi Team,

I noticed LaunchDarkly empowers enterprises and startups to maintain real-time control of AI code and agents, which aligns with the challenge many teams face in shipping and managing software features safely and effectively across various languages and frameworks.

Given your focus on de-risking releases and enabling faster, safer code deployment, are you open to exploring evaluation benchmarks that could help further optimize your release strategies?

Would you be available for a brief call next week to discuss?

Best regards,",0.9,True,0.92,2026-07-06T02:08:39.842559+00:00,"[""unsupported_outreach_claims""]"
Palantir,https://www.palantir.com,Software and Data Analytics,Palantir builds platforms for data-driven operations and decision-making to augment human intelligence.,"Data Analysts, Operations Managers, and Decision Makers in Government and Enterprise sectors","[""Complexity in handling vast amounts of data to drive operational decisions effectively."", ""The need for integrating multiple data sources and systems to gain actionable insights."", ""Challenges in augmenting human intelligence with software rather than replacing it, emphasizing the importance of collaboration between humans and AI.""]","[""https://www.palantir.com/newsroom/press-releases"", ""https://investors.palantir.com/news"", ""https://www.palantir.com/about-us"", ""https://www.palantir.com/customers"", ""https://www.palantir.com/docs"", ""https://www.palantir.com/careers/getting-hired/writing-good-code"", ""https://www.palantir.com/jobs"", ""https://www.palantir.com"", ""https://www.palantir.com/pricing"", ""https://www.palantir.com/blog"", ""https://www.palantir.com/careers/life-at-palantir"", ""https://www.palantir.com/case-studies"", ""https://www.nasdaq.com/market-activity/stocks/pltr/news-headlines"", ""https://www.palantir.com/careers"", ""https://www.palantir.com/use-cases"", ""https://www.palantir.com/about"", ""https://www.palantir.com/company""]","[""[/sitemap.xml](https://www.palantir.com/sitemap.xml) Home \\| Palantir Read CEO Alex Karp\u2019s [Letter to Shareholders](https://www.palantir.com/q1-2026-letter) [Skip to Content](https://www.palantir.com/#main) \u2196 Get Started Show Search ShipOS Warp Speed Systems Migration DevCon 5 AIPCon 9 Interoperability Maven Smart System TITAN Chain Reaction [See All](https://www.palantir.com/newsroom/) ShipOS [!["", ""[/sitemap.xml](https://www.palantir.com/sitemap.xml) About Palantir Read CEO Alex Karp\u2019s [Letter to Shareholders](https://www.palantir.com/q1-2026-letter) [Skip to Content](https://www.palantir.com/about#main) \u2196 Get Started Show Search # Why We\u2019re Here We believe in augmenting human intelligence, not replacing it. ![Hero: About Page](https://www.palantir.com/assets/xrfr7uokpv1b/1jqL3YX8sxhlPl8c4sD"", ""[/sitemap.xml](https://www.palantir.com/sitemap.xml) Read CEO Alex Karp\u2019s [Letter to Shareholders](https://www.palantir.com/q1-2026-letter)"", ""[/sitemap.xml](https://www.palantir.com/sitemap.xml) Read CEO Alex Karp\u2019s [Letter to Shareholders](https://www.palantir.com/q1-2026-letter)"", ""[/sitemap.xml](https://www.palantir.com/sitemap.xml) Read CEO Alex Karp\u2019s [Letter to Shareholders](https://www.palantir.com/q1-2026-letter)"", ""[/sitemap.xml](https://www.palantir.com/sitemap.xml) Read CEO Alex Karp\u2019s [Letter to Shareholders](https://www.palantir.com/q1-2026-letter)"", ""[/sitemap.xml](https://www.palantir.com/sitemap.xml) Read CEO Alex Karp\u2019s [Letter to Shareholders](https://www.palantir.com/q1-2026-letter) [Skip to Content](https://www.palantir.com/404#main) Show Search # 404 Error Page not found... yet [Go to homepage \u2192](https://www.palantir.com/)"", ""[/sitemap.xml](https://www.palantir.com/sitemap.xml) Read CEO Alex Karp\u2019s [Letter to Shareholders](https://www.palantir.com/q1-2026-letter) [Skip to Content](https://www.palantir.com/404#main) Show Search # 404 Error Page not found... yet [Go to homepage \u2192](https://www.palantir.com/)"", ""[/sitemap.xml](https://www.palantir.com/sitemap.xml) Palantir Blog Read CEO Alex Karp\u2019s [Letter to Shareholders](https://www.palantir.com/q1-2026-letter) [Skip to Content](https://www.palantir.com/blog#main) \u2196 Get Started Show Search # Palantir Blog Palantir is a software company that builds the world\u2019s leading platforms for data-driven operations and decision-making. We develop long-term partners"", ""Search [Palantir](https://www.palantir.com/) Documentation - [Documentation](https://www.palantir.com/docs/foundry/) - [Apollo](https://www.palantir.com/docs/apollo/) - [Gotham](https://www.palantir.com/docs/gotham/) Search documentation Search karat + K [API Reference \u2197](https://www.palantir.com/docs/foundry/api-reference/) en enjpkrzh ABXY ABXYABXYABXYABXYABXYABXY - Capabilities - [AI Platform ("", ""[/sitemap.xml](https://www.palantir.com/sitemap.xml) Careers Read CEO Alex Karp\u2019s [Letter to Shareholders](https://www.palantir.com/q1-2026-letter) [Skip to Content](https://www.palantir.com/careers#main) \u2196 Get Started Show Search ## A moment of reckoning has arrived. Tech culture has fallen into shallow consumerism, lacking a greater purpose. Too few in Silicon Valley have asked what ought to be "", ""[/sitemap.xml](https://www.palantir.com/sitemap.xml) Read CEO Alex Karp\u2019s [Letter to Shareholders](https://www.palantir.com/q1-2026-letter) [Skip to Content](https://www.palantir.com/404#main) Show Search # 404 Error Page not found... yet [Go to homepage \u2192](https://www.palantir.com/)"", ""06 / 04 / 26. Palantir Announces Availability on Google Cloud Marketplace, Including Two-Way Integrations between BigQuery and Foundry and Deep Connectivity"", ""Latest PLTR News \u00b7 Stock Indexes Settle Mixed as Chipmakers Retreat \u00b7 Palantir's Business Is Booming. \u00b7 Stock Indexes Turn Mixed as Chipmakers Sink \u00b7 Stocks Climb"", ""Bain & Company announces expansion of lead global management consulting partnership with Palantir to bring world industry-leading AI transformation"", ""# Palantir Careers | Life at Palantir. As a new hire or intern, you\u2019ll begin your Palantir journey with an onboarding program that introduces you to our company, products, and Palantirians from across the globe. Your onboarding cohort will become the first of many networks you\u2019ll build during your time at Palantir. As a new hire or intern, you\u2019ll be matched with a mentor who will guide you in building the skills you need to navigate Palantir. We work to continuously improve our offerings, and li"", ""# Palantir Careers | Getting Hired: Writing Good Code. # Writing Good Code. ## The ability to write code that is... Code should be free of bugs, and it should be easy to test. Elements of the code should be properly structured and defined, from simple variable naming to the structure of multiple files, classes, and frameworks. ### We are interested in your skill as a coder, not your ability to memorize specifics of the Java compiler. ## One of the core facets of a good coding interview is the ab""]","Hi,

Palantir's focus on augmenting human intelligence rather than replacing it resonates strongly in today's data-heavy environments where collaboration between humans and AI is vital. I noticed Palantir's leadership in integrating complex data to empower decision-makers in government and enterprise sectors. Many organizations struggle with integrating multiple data sources for actionable insights, which can slow down operational decisions. I'd love to explore how we might support your efforts in enhancing these integrations and optimizing data collaboration.

Are you available for a brief 20-minute call next week to discuss this?

Best regards,",0.85,True,0.96,2026-07-06T02:13:39.273936+00:00,"[""unsupported_outreach_claims""]"
Fastly,https://www.fastly.com,Cloud Computing and Edge Computing,"Fastly provides a programmable edge cloud platform that enables developers to build fast, secure, and scalable websites and applications with built-in security and real-time capabilities.",Developers and IT professionals,"[""Developers need to build fast, secure, and scalable sites and apps that can deliver content quickly and confidently to users worldwide."", ""Ensuring security at the edge while maintaining high performance and scalability is a challenge that Fastly addresses with its platform."", ""Developers require real-time messaging and personalization capabilities at a global scale."", ""Developers seek tools that are as easy to use as familiar database tools but with the speed benefits of edge computing.""]","[""https://www.fastly.com/pricing"", ""https://www.fastly.com/customers"", ""https://www.fastly.com/careers"", ""https://www.fastly.com/about/careers"", ""https://www.fastly.com/about-us"", ""https://www.fastly.com/about"", ""https://www.fastly.com/company"", ""https://www.fastly.com/about/jobs/apply"", ""https://www.fastly.com/about/careers/current-openings"", ""https://www.fastly.com/docs"", ""https://www.fastly.com/jobs"", ""https://www.stocktitan.net/news/FSLY"", ""https://www.fastly.com"", ""https://www.fastly.com/press/fastly-news"", ""https://www.fastly.com/blog"", ""https://www.fastly.com/use-cases"", ""https://nz.finance.yahoo.com/quote/FSLY/news"", ""https://www.fastly.com/case-studies""]","[""[Fastly](https://www.fastly.com/ \""Home\"") English - English - \u65e5\u672c\u8a9e - Espa\u00f1ol (Espa\u00f1a) - Espa\u00f1ol (Latinoam\u00e9rica) - Deutsch - Fran\u00e7ais - Italiano Menu # Build, Secure, and Deliver. Instantly. Create fast, secure, and scalable sites and apps on a programmable edge cloud platform. Start building for free. [Request a demo](https://www.fastly.com/request-a-demo) [Get started](https://www.fastly.com/signup"", ""[Company The team behind better online experiences](https://www.fastly.com/company) [Network Map A new architecture for the modern internet](https://www.fastly.com/network-map) [Industry Analyst Relations See what industry analysts say about Fastly](https://www.fastly.com/company/analyst-relations) [News Recent updates and announcements](https://www.fastly.com/press) [Platform The platform behind "", ""# Error 404 Not Found Not Found ### Error 54113 Details: cache-iad-kiad7000117-IAD 1783304185 2535456171 * * * Varnish cache server"", ""[Company The team behind better online experiences](https://www.fastly.com/company) [Network Map A new architecture for the modern internet](https://www.fastly.com/network-map) [Industry Analyst Relations See what industry analysts say about Fastly](https://www.fastly.com/company/analyst-relations) [News Recent updates and announcements](https://www.fastly.com/press) [Platform The platform behind "", ""[Company The team behind better online experiences](https://www.fastly.com/company) [Network Map A new architecture for the modern internet](https://www.fastly.com/network-map) [Industry Analyst Relations See what industry analysts say about Fastly](https://www.fastly.com/company/analyst-relations) [News Recent updates and announcements](https://www.fastly.com/press) [Platform The platform behind "", ""[Company The team behind better online experiences](https://www.fastly.com/company) [Network Map A new architecture for the modern internet](https://www.fastly.com/network-map) [Industry Analyst Relations See what industry analysts say about Fastly](https://www.fastly.com/company/analyst-relations) [News Recent updates and announcements](https://www.fastly.com/press) [Platform The platform behind "", ""# Error 404 Not Found Not Found ### Error 54113 Details: cache-iad-khef600051-IAD 1783304194 1569498447 * * * Varnish cache server"", ""# Error 404 Not Found Not Found ### Error 54113 Details: cache-iad-khef600065-IAD 1783304196 22719130 * * * Varnish cache server"", ""[Company The team behind better online experiences](https://www.fastly.com/company) [Network Map A new architecture for the modern internet](https://www.fastly.com/network-map) [Industry Analyst Relations See what industry analysts say about Fastly](https://www.fastly.com/company/analyst-relations) [News Recent updates and announcements](https://www.fastly.com/press) [Platform The platform behind "", ""# Error 404 Not Found Not Found ### Error 54113 Details: cache-iad-kiad7000089-IAD 1783304202 825749222 * * * Varnish cache server"", ""[Company The team behind better online experiences](https://www.fastly.com/company) [Network Map A new architecture for the modern internet](https://www.fastly.com/network-map) [Industry Analyst Relations See what industry analysts say about Fastly](https://www.fastly.com/company/analyst-relations) [News Recent updates and announcements](https://www.fastly.com/press) [Platform The platform behind "", ""[Company The team behind better online experiences](https://www.fastly.com/company) [Network Map A new architecture for the modern internet](https://www.fastly.com/network-map) [Industry Analyst Relations See what industry analysts say about Fastly](https://www.fastly.com/company/analyst-relations) [News Recent updates and announcements](https://www.fastly.com/press) [Platform The platform behind "", ""Recent updates and announcements. SC Media Fastly Stock Soars 64%. Barrons Fastly Earnings Beat As AI Boosts \u2026 surpass 50 confirmed victims"", ""-2.32% Assessing Fastly (FSLY) Valuation After Recent Share Price Weakness And Conflicting Fair Value Signals. Up 2.1% Since Last Earnings Report? Fastly Stock"", ""Fastly (NASDAQ:FSLY) released new research showing AI-generated traffic is forming a distinct layer of internet activity and growing far faster than human"", ""Edge Compute  Take your apps to the edge \u2014 our instant platform helps you build amazing experiences for your users  Key Value Store  The fastest key value store you can get, but as easy to use as your familiar database tools  Websockets & Fanout  Real-time messaging, at global scale, with complete personalization and easy setup  Developer SDKs  Program the same services we use to build Fastly products  Enterprise Serverless  The most powerful serverless platform, built on open standards and inte"", ""### The future of business starts with developers. ### The Fastly Edge Cloud Platform. ### Help build a fast, safe, and engaging internet with Fastly. ### Get Help with Fastly. How Fastly helps developers build fast, secure, and highly personalized apps. The platform behind better, faster and more secure digital experiences. Our modern network gives you a competitive edge with built-in security, so you can deliver content quickly and confidently. Take your apps to the edge \u2014 our instant platform"", ""Edge Compute  Take your apps to the edge \u2014 our instant platform helps you build amazing experiences for your users  Key Value Store  The fastest key value store you can get, but as easy to use as your familiar database tools  Websockets & Fanout  Real-time messaging, at global scale, with complete personalization and easy setup  Developer SDKs  Program the same services we use to build Fastly products  Enterprise Serverless  The most powerful serverless platform, built on open standards and inte""]","Hi there,

I noticed that Fastly offers a programmable edge cloud platform to help developers build fast, secure, and scalable sites and apps. Many IT teams struggle with ensuring security at the edge while maintaining high performance and scalability. I’d love to discuss how your current approach manages this balance and explore if there are ways to enhance it.

Are you available for a brief call next week to share insights? Looking forward to connecting.

Best regards,",0.9,True,0.96,2026-07-06T02:16:55.906207+00:00,"[""unsupported_outreach_claims""]"
Marketo,https://business.adobe.com/products/marketo.html,Marketing Automation Software,"Marketo Engage is a marketing automation platform that provides AI-powered features such as campaign operations, omnichannel engagement, and personalized content to help marketers streamline workflows and improve personalization.",Marketing professionals and marketing operations managers,"[""Inefficiencies in marketing automation, integration between departments, and data insights prevent companies from achieving key marketing goals."", ""Existing email marketing tools have pain points that require improvements such as streamlining workflows, boosting personalization, and improving user experience."", ""Marketers are planning to leverage emerging technologies like AI to improve marketing engagement and efficiency.""]","[""https://business.adobe.com/blog/basics/how-to-hire-for-marketing-operations"", ""https://business.adobe.com/products/marketo.html/use-cases"", ""https://business.adobe.com/products/marketo.html/blog"", ""https://business.adobe.com/blog/basics/which-role-do-you-need-to-hire-marketing-operations-manager-or-project-manager"", ""https://www.prnewswire.com/news-releases/marketo-expands-ai-powered-product-suite-with-content-ai-300529647.html"", ""https://business.adobe.com/products/marketo.html/company"", ""https://business.adobe.com/products/marketo.html/about-us"", ""https://business.adobe.com/products/marketo.html/careers"", ""https://business.adobe.com/blog/three-ways-to-simplify-hr-workflows-with-acrobat-studio"", ""https://business.adobe.com/products/marketo.html/customers"", ""https://business.adobe.com/products/marketo.html/case-studies"", ""https://business.adobe.com/products/marketo.html/jobs"", ""https://business.adobe.com/products/marketo.html"", ""https://business.adobe.com/products/marketo.html/docs"", ""https://www.emarketer.com/content/adobe-marketo-update-fixes-email-marketing-pain-points"", ""https://www.demandgenreport.com/features/financial-news/adobe-in-talks-to-acquire-marketo"", ""https://business.adobe.com/products/marketo.html/about"", ""https://business.adobe.com/products/marketo.html/pricing""]","[""Marketo Engage Overview Features Features - [AI & agentic capabilities](https://business.adobe.com/products/marketo/agentic-ai.html) - [Campaign operations](https://business.adobe.com/products/marketo/campaign-operations.html) - [Omnichannel engagement](https://business.adobe.com/products/marketo/omnichannel-engagement.html) - [Personalized content](https://business.adobe.com/products/marketo/dyna"", ""![](https://business.adobe.com/fragments/media_1ee4182298b6364ac29c6d1911d93a4eac9367a85.png?width=750&format=png&optimize=medium) # Sorry, we couldn\u2019t find that page. Head over to our [home page](https://business.adobe.com/), or check out some of our most popular pages below. ![Picture](https://business.adobe.com/fragments/media_164c18095df845bd82ad52036f18f2a6cb88e5480.png?width=750&format=png&o"", ""![](https://business.adobe.com/fragments/media_1ee4182298b6364ac29c6d1911d93a4eac9367a85.png?width=750&format=png&optimize=medium) # Sorry, we couldn\u2019t find that page. Head over to our [home page](https://business.adobe.com/), or check out some of our most popular pages below. ![Picture](https://business.adobe.com/fragments/media_164c18095df845bd82ad52036f18f2a6cb88e5480.png?width=750&format=png&o"", ""![](https://business.adobe.com/fragments/media_1ee4182298b6364ac29c6d1911d93a4eac9367a85.png?width=750&format=png&optimize=medium) # Sorry, we couldn\u2019t find that page. Head over to our [home page](https://business.adobe.com/), or check out some of our most popular pages below. ![Picture](https://business.adobe.com/fragments/media_164c18095df845bd82ad52036f18f2a6cb88e5480.png?width=750&format=png&o"", ""![](https://business.adobe.com/fragments/media_1ee4182298b6364ac29c6d1911d93a4eac9367a85.png?width=750&format=png&optimize=medium) # Sorry, we couldn\u2019t find that page. Head over to our [home page](https://business.adobe.com/), or check out some of our most popular pages below. ![Picture](https://business.adobe.com/fragments/media_164c18095df845bd82ad52036f18f2a6cb88e5480.png?width=750&format=png&o"", ""![](https://business.adobe.com/fragments/media_1ee4182298b6364ac29c6d1911d93a4eac9367a85.png?width=750&format=png&optimize=medium) # Sorry, we couldn\u2019t find that page. Head over to our [home page](https://business.adobe.com/), or check out some of our most popular pages below. ![Picture](https://business.adobe.com/fragments/media_164c18095df845bd82ad52036f18f2a6cb88e5480.png?width=750&format=png&o"", ""![](https://business.adobe.com/fragments/media_1ee4182298b6364ac29c6d1911d93a4eac9367a85.png?width=750&format=png&optimize=medium) # Sorry, we couldn\u2019t find that page. Head over to our [home page](https://business.adobe.com/), or check out some of our most popular pages below. ![Picture](https://business.adobe.com/fragments/media_164c18095df845bd82ad52036f18f2a6cb88e5480.png?width=750&format=png&o"", ""![](https://business.adobe.com/fragments/media_1ee4182298b6364ac29c6d1911d93a4eac9367a85.png?width=750&format=png&optimize=medium) # Sorry, we couldn\u2019t find that page. Head over to our [home page](https://business.adobe.com/), or check out some of our most popular pages below. ![Picture](https://business.adobe.com/fragments/media_164c18095df845bd82ad52036f18f2a6cb88e5480.png?width=750&format=png&o"", ""![](https://business.adobe.com/fragments/media_1ee4182298b6364ac29c6d1911d93a4eac9367a85.png?width=750&format=png&optimize=medium) # Sorry, we couldn\u2019t find that page. Head over to our [home page](https://business.adobe.com/), or check out some of our most popular pages below. ![Picture](https://business.adobe.com/fragments/media_164c18095df845bd82ad52036f18f2a6cb88e5480.png?width=750&format=png&o"", ""![](https://business.adobe.com/fragments/media_1ee4182298b6364ac29c6d1911d93a4eac9367a85.png?width=750&format=png&optimize=medium) # Sorry, we couldn\u2019t find that page. Head over to our [home page](https://business.adobe.com/), or check out some of our most popular pages below. ![Picture](https://business.adobe.com/fragments/media_164c18095df845bd82ad52036f18f2a6cb88e5480.png?width=750&format=png&o"", ""![](https://business.adobe.com/fragments/media_1ee4182298b6364ac29c6d1911d93a4eac9367a85.png?width=750&format=png&optimize=medium) # Sorry, we couldn\u2019t find that page. Head over to our [home page](https://business.adobe.com/), or check out some of our most popular pages below. ![Picture](https://business.adobe.com/fragments/media_164c18095df845bd82ad52036f18f2a6cb88e5480.png?width=750&format=png&o"", ""![](https://business.adobe.com/fragments/media_1ee4182298b6364ac29c6d1911d93a4eac9367a85.png?width=750&format=png&optimize=medium) # Sorry, we couldn\u2019t find that page. Head over to our [home page](https://business.adobe.com/), or check out some of our most popular pages below. ![Picture](https://business.adobe.com/fragments/media_164c18095df845bd82ad52036f18f2a6cb88e5480.png?width=750&format=png&o"", ""According to Marketo's latest report, The State of Engagement, nearly 40% of marketers plan to leverage emerging technologies, such as AI"", ""Adobe, a creative, marketing and document management company, is in negotiations to purchase Marketo, a marketing automation software"", ""Marketo Engage update centers on expanding its new Email Designer. The upgrade streamlines workflows, boosts personalization, and improves user"", ""But the inefficiencies your company is experiencing in marketing \u2014 be it with automation, integration between departments, or data insights \u2014 can prevent you from achieving those three key goals. As your marketing department has grown or evolved, you might need a marketing operations role or team to help you fill in the gaps and bolster your infrastructure. Marketing operations professionals can help you streamline processes, improve communication, and get more value out of your marketing effort"", ""The global average time to hire is 44 days, while the interview process alone can take an average of 23 days. And the average cost per hire is"", ""# Which Role Do You Need to Hire: Marketing Operations Manager or Project Manager? Image 3: Which Role Do You Need to Hire: Marketing Operations Manager or Project Manager? The question then becomes, which type of manager is right for your business? Do you simply hire another project manager, or do you seek out someone who can take a holistic approach to your company\u2019s operations? Let\u2019s take a look at two common executive marketing positions and determine which is the right choice for your busin""]","Hi there,

I noticed Marketo recently expanded its AI-powered product suite, reflecting the growing trend of marketers keen to leverage emerging technologies like AI. However, I understand inefficiencies in marketing automation and integration between departments often hold teams back from hitting key marketing goals. Could we set up a brief call to explore how your marketing operations could be enhanced to streamline workflows and improve cross-department collaboration? I'd love to share relevant insights that align with Marketo's AI capabilities.

Would next Tuesday or Wednesday work for you?

Best regards,",0.8,True,0.98,2026-07-06T02:19:55.975454+00:00,"[""unsupported_outreach_claims""]"
SendGrid,https://sendgrid.com,email delivery and marketing services,"SendGrid provides trusted email solutions that enable businesses to send transactional and marketing emails at scale, now integrated within Twilio's platform.","email marketers, developers, and businesses needing scalable email delivery solutions","[""Difficulty in making it easy for legitimate businesses to send email at scale, which is fundamental to SendGrid's business model."", ""Concerns around phishing attacks using SendGrid's platform, as scammers may misuse trusted email infrastructure."", ""Complexity in managing email deliverability, compliance, and communications strategies requiring expert services and architectural guidance."", ""Need for developer expertise or contracting when scaling or expanding email development projects to ensure successful implementation.""]","[""https://sendgrid.com/jobs"", ""https://sendgrid.com/case-studies"", ""https://sendgrid.com/en-us/blog/how-to-become-email-marketer"", ""https://news.ycombinator.com/item?id=46555615"", ""https://fredbenenson.com/blog/2026/01/09/sendgrid-isnt-emailing-you-about-ice-or-blm-its-a-phishing-attack"", ""https://sendgrid.com/docs"", ""https://news.ycombinator.com/item?id=32724899"", ""https://sendgrid.com"", ""https://sendgrid.com/about"", ""https://sendgrid.com/careers"", ""https://sendgrid.com/en-us/solutions/expert-services"", ""https://sendgrid.com/about-us"", ""https://sendgrid.com/en-us/blog/email-development-tips-tricks"", ""https://sendgrid.com/customers"", ""https://sendgrid.com/blog"", ""https://sendgrid.com/company"", ""https://sendgrid.com/pricing""]","[""# SendGrid \u2764\ufe0f Twilio. We're finally moving in together on Twilio.com! We're merging our websites to make things simpler. You can now find all our trusted email solutions, plus everything else Twilio offers, over on [Twilio.com](https://www.twilio.com/en-us). [Visit Twilio.com](https://www.twilio.com/en-us) ![Person in red using a computer displaying Twilio, with icons of message, person, and speec"", ""![Man wearing headphones and a smartwatch, with text showing Twilio customer and ROI statistics](https://www.twilio.com/content/dam/twilio-com/global/en/company/why-twilio/why_twilio_hero_banner_op2.png/_jcr_content/renditions/compressed-original.webp) ![Man wearing headphones and a smartwatch, with text showing Twilio customer and ROI statistics](https://www.twilio.com/content/dam/twilio-com/glob"", ""![Man wearing headphones and a smartwatch, with text showing Twilio customer and ROI statistics](https://www.twilio.com/content/dam/twilio-com/global/en/company/why-twilio/why_twilio_hero_banner_op2.png/_jcr_content/renditions/compressed-original.webp) ![Man wearing headphones and a smartwatch, with text showing Twilio customer and ROI statistics](https://www.twilio.com/content/dam/twilio-com/glob"", ""# SendGrid \u2764\ufe0f Twilio. We're finally moving in together on Twilio.com! We're merging our websites to make things simpler. You can now find all our trusted email solutions, plus everything else Twilio offers, over on [Twilio.com](https://www.twilio.com/en-us). [Visit Twilio.com](https://www.twilio.com/en-us) ![Person in red using a computer displaying Twilio, with icons of message, person, and speec"", ""# SendGrid \u2764\ufe0f Twilio. We're finally moving in together on Twilio.com! We're merging our websites to make things simpler. You can now find all our trusted email solutions, plus everything else Twilio offers, over on [Twilio.com](https://www.twilio.com/en-us). [Visit Twilio.com](https://www.twilio.com/en-us) ![Person in red using a computer displaying Twilio, with icons of message, person, and speec"", ""# SendGrid \u2764\ufe0f Twilio. We're finally moving in together on Twilio.com! We're merging our websites to make things simpler. You can now find all our trusted email solutions, plus everything else Twilio offers, over on [Twilio.com](https://www.twilio.com/en-us). [Visit Twilio.com](https://www.twilio.com/en-us) ![Person in red using a computer displaying Twilio, with icons of message, person, and speec"", ""# SendGrid \u2764\ufe0f Twilio. We're finally moving in together on Twilio.com! We're merging our websites to make things simpler. You can now find all our trusted email solutions, plus everything else Twilio offers, over on [Twilio.com](https://www.twilio.com/en-us). [Visit Twilio.com](https://www.twilio.com/en-us) ![Person in red using a computer displaying Twilio, with icons of message, person, and speec"", ""# Twilio Blog An icon of a search magnifying glassAn icon of a close symbol [![Man typing on a laptop with text announcing a new conversation layer for the Twilio platform.](https://www.twilio.com/content/dam/twilio-com/global/en/blog/importer-images/h-l/infrastructure-for-the-agentic-era.png/_jcr_content/renditions/compressed-original.webp)\\\\ \\\\ Infrastructure for the agentic era: A new conversat"", ""[Skip to content](https://www.twilio.com/docs/sendgrid#twilio-docs-content-area) [Skip to navigation](https://www.twilio.com/docs/sendgrid#twilio-docs-sidebar-nav) [Skip to topbar](https://www.twilio.com/docs/sendgrid#twilio-docs-topbar) [Twilio SendGrid LogoTwilio SendGrid Docs](https://www.twilio.com/docs) Search`` `K` Search`` `K` Search`` `K` # Twilio SendGrid Build transactional and marketing"", ""`{\""themeOptions\"": {\""customTheme\"": {\""varTheme\"": {\""font-family\"": \""Source Sans Pro\"", \""navbar-background\"": \""#ffffff\"", \""navbar-text-color\"": \""#000d25\"", \""navbar-text-hover-background\"": \""#ffffff\"", \""navbar-text-hover-color\"": \""#1866ee\"", \""button-primary-background-color\"": \""#1866ee\"", \""button-primary-text-color\"": \""#ffffff\"", \""button-primary-hover-background-color\"": \""#0e3e92\"", \""button-primary-active-background-c"", ""`{\""themeOptions\"": {\""customTheme\"": {\""varTheme\"": {\""font-family\"": \""Source Sans Pro\"", \""navbar-background\"": \""#ffffff\"", \""navbar-text-color\"": \""#000d25\"", \""navbar-text-hover-background\"": \""#ffffff\"", \""navbar-text-hover-color\"": \""#1866ee\"", \""button-primary-background-color\"": \""#1866ee\"", \""button-primary-text-color\"": \""#ffffff\"", \""button-primary-hover-background-color\"": \""#0e3e92\"", \""button-primary-active-background-c"", ""SendGrid (acquired by Twilio for $2B [1]) famously had their application rejected, and their later success caused YC to update its selection process."", ""\""The fundamental issue is that SendGrid's business model depends on making it easy for legitimate businesses to send email at scale.\""."", ""SendGrid is supposedly adding a \u201cSupport ICE\u201d donation button to the footer of every email sent through their platform, \u201cin response to recent"", ""Kickstart your career in email marketing with SendGrid. SendGrid can help you achieve outstanding results at every stage of your email marketing"", ""The Twilio Customer Engagement platform combines powerful communications APIs with AI and first-party data. Work with Twilio experts to design your communications strategy or get architectural guidance for your customer data flows and pipelines. Get set up for success with best practices from our team\u2019s collective experience, developer resources, and architectural validation. Get guided orientation to your channels, build for trust and compliance, manage phone numbers, and accelerate or upskill "", ""If you don't have a developer on your team, consider hiring or contracting with one, especially if you expect your project to expand over time.""]","Hi,

I noticed SendGrid recently merged its email solutions into Twilio.com to simplify user experience. Since making it easy for legitimate businesses to send emails at scale is fundamental to your business model, I wanted to ask—how are you currently managing the complexity of email deliverability and compliance?

We offer expert services that provide architectural guidance and strategic communication support to tackle such challenges effectively.

Could we schedule a brief call to explore how we might support your scaling efforts?

Best regards,",0.85,True,0.96,2026-07-06T02:22:06.846583+00:00,"[""unsupported_outreach_claims""]"
Linear,https://linear.app,Software Development/Product Management,"Linear is a product development system designed for teams and agents, purpose-built for planning and building products in the AI era.","Product teams, software development teams, engineering teams","[""Traditional product development tools may not be optimized for the rapid changes and demands introduced by artificial intelligence, necessitating new species of product tools."", ""Coordinating multiple teams and managing numerous issues simultaneously can be cumbersome without a streamlined system."", ""There is a lost art of building software with high quality, suggesting that existing tools might not sufficiently emphasize quality in the product development lifecycle.""]","[""https://www.thomsonlinear.com/en/newsroom"", ""https://linear.app/company"", ""https://linear.app/careers/3d95000c-5631-4ea6-a614-78910bb3f199"", ""https://linear.app/jobs"", ""https://linear.app/about-us"", ""https://www.adexchanger.com/on-tv-and-video/linear-tv-is-about-to-go-the-way-of-radio-thats-a-good-thing"", ""https://linear.app/docs"", ""https://linear.app/case-studies"", ""https://linear.app/blog"", ""https://linear.app/careers/b3346acf-44be-4565-b1c0-10d482d3ad4e"", ""https://linear.app/careers/82778dbf-711e-4d23-9d49-4a60db76737a"", ""https://linear.app/pricing"", ""https://linear.app/careers"", ""https://linear.app/now/news"", ""https://linear.app/use-cases"", ""https://linear.app"", ""https://linear.app/about"", ""https://linear.app/customers""]","[""[Skip to content \u2192](https://linear.app/#skip-nav) # The productdevelopmentsystem for teamsand agentsThe product development system for teams and agentsThe product development system for teams and agents Purpose-built for planning and building products. Designed for the AI era. [NewCoding Sessions \u2192](https://linear.app/coding-sessions) [NewCoding Sessions \u2192](https://linear.app/coding-sessions) ![]("", ""[Skip to content \u2192](https://linear.app/about#skip-nav) # Building tools for the next era of product development AI is fundamentally changing how products get built. We are shaping what comes next. Elapsed00:00 Seek to:00:00 / Duration03:18 Remaining\u221203:18 0.25\u00d70.5\u00d70.75\u00d71\u00d71.25\u00d71.5\u00d71.75\u00d72\u00d7 ## A new species of product tool Software development is at an inflection point. Artificial intelligence is fun"", ""# Log in to Linear Continue with GoogleContinue with emailContinue with SAML SSOLog in with passkey Don\u2019t have an account? [Sign up](https://linear.app/signup) or [learn more](https://linear.app/homepage) Loading\u2026"", ""# Log in to Linear Continue with GoogleContinue with emailContinue with SAML SSOLog in with passkey Don\u2019t have an account? [Sign up](https://linear.app/signup) or [learn more](https://linear.app/homepage) Loading\u2026"", ""[Skip to content \u2192](https://linear.app/pricing#skip-nav) # Pricing ### Free $0 Free for everyone - Unlimited members - 2 teams - 250 issues - Agent platform - Linear Agent [Get started](https://linear.app/signup) [Get started](https://linear.app/settings/plans) ### Basic $10 per user/month$01234567890123456789 per user/month$10 per user/month Billed yearly - All Free features + - 5 teams - Unlimit"", ""[Skip to content \u2192](https://linear.app/customers#skip-nav) # Customers [Featured](https://linear.app/customers) [SaaS](https://linear.app/customers?vertical=saas) [AI](https://linear.app/customers?vertical=ai) [Fintech](https://linear.app/customers?vertical=fintech) [Consumer](https://linear.app/customers?vertical=consumer) [Hardware](https://linear.app/customers?vertical=hardware) [Health](https:"", ""# Log in to Linear Continue with GoogleContinue with emailContinue with SAML SSOLog in with passkey Don\u2019t have an account? [Sign up](https://linear.app/signup) or [learn more](https://linear.app/homepage) Loading\u2026"", ""# Log in to Linear Continue with GoogleContinue with emailContinue with SAML SSOLog in with passkey Don\u2019t have an account? [Sign up](https://linear.app/signup) or [learn more](https://linear.app/homepage) Loading\u2026"", ""[Skip to content \u2192](https://linear.app/now#skip-nav) # [Now](https://linear.app/now) [All](https://linear.app/now) [Changelog](https://linear.app/changelog) [Community](https://linear.app/now/community) [News](https://linear.app/now/news) [Craft](https://linear.app/now/craft) [AI](https://linear.app/now/ai) [Practices](https://linear.app/now/practices) [Press](https://linear.app/now/press) Search\u2026"", ""[Skip to content \u2192](https://linear.app/docs#skip-nav) ## Popular [**Start Guide** \\\\ \\\\ Learn how to use the app and follow best practices for software building](https://linear.app/docs/start-guide) [**Import Issues** \\\\ \\\\ Quickly move issues from your existing issue tracker into Linear](https://linear.app/docs/import-issues) [**Projects** \\\\ \\\\ Shape your product ideas and plan what to build nex"", ""[Skip to content \u2192](https://linear.app/careers#skip-nav) # Help us craft high-quality tools We are building a new species of product tool. Will you help us make it better? [Open roles \u2193](https://linear.app/careers#join-us) Elapsed00:00 Seek to:00:00 / Duration00:00 Remaining\u221200:00 0.25\u00d70.5\u00d70.75\u00d71\u00d71.25\u00d71.5\u00d71.75\u00d72\u00d7 ## On a quest for quality We believe that there is a lost art of building software. A"", ""[Skip to content \u2192](https://linear.app/careers#skip-nav) # Help us craft high-quality tools We are building a new species of product tool. Will you help us make it better? [Open roles \u2193](https://linear.app/careers#join-us) Elapsed00:00 Seek to:00:00 / Duration00:00 Remaining\u221200:00 0.25\u00d70.5\u00d70.75\u00d71\u00d71.25\u00d71.5\u00d71.75\u00d72\u00d7 ## On a quest for quality We believe that there is a lost art of building software. A"", ""Recent news of WideOrbit's decision to sunset its supply-side platform, Upzing, effectively pulls the plug on its linear TV inventory."", ""Thomson Industries, Inc., a leading manufacturer of linear motion control solutions, has announced a significant upgrade to its online lead screw selector tool."", ""Linear Agent can now write code. With Coding Sessions, it can take a bug from triage all the way to a reviewed fix, without the work ever leaving Linear."", ""At Linear, we're building the product development system for teams and agents. Today, our team is distributed across North America, Europe, and Australia, and we\u2019re continuing to grow internationally. We\u2019re hiring a Product Marketing Manager to help shape how Linear\u2019s products are brought to market and understood by customers. This role sits at the intersection of Product, Engineering, Design, CX, Sales, and Marketing, and is responsible for turning technically sophisticated product work into cl"", ""At Linear, we're building the product development system for teams and agents. Over the past few years, Linear has experienced incredible organic growth globally and has become the default tool of choice for many of the world\u2019s best product teams. We are now expanding into APAC and hiring our first sales rep in the region to accelerate growth with some of the world\u2019s most innovative product and engineering teams. You will be the tip of the spear for Linear in APAC\u2014building pipeline from a strong"", ""At Linear, we're building the product development system for teams and agents. As Linear continues to scale globally and work with larger customers, we are looking for our first Senior Counsel. As our first in-house legal hire, you will be a pragmatic, hands-on partner across commercial, product, and operational legal matters. You will own the legal roadmap, manage outside counsel, and provide the support we need to ship quality products quickly. You will work closely with our founders and leade""]","Hi there,

I noticed Linear is shaping the next era of product development with tools purpose-built for AI. Many product teams find traditional tools cumbersome when juggling multiple teams and numerous issues. Have you considered how streamlining issue management might improve your team's efficiency?

I'd love to share some tailored insights on optimizing workflows in AI-driven environments.

Are you available for a quick call next week to explore this?

Best regards,
[Your Name]",0.9,True,0.96,2026-07-06T02:22:43.743571+00:00,"[""unsupported_outreach_claims""]"
Render,https://render.com,Cloud Computing / Cloud Services,"Render is a cloud platform that offers seamless cloud services, including decentralized GPU compute, catering to developers and businesses seeking scalable cloud infrastructure with efficient deployment and management options.",Developers and Cloud Infrastructure Managers,"[""Difficulty in switching cloud providers easily and getting up to speed rapidly when changing clouds."", ""The need for decentralized GPU compute resources to meet the rising demand in AI and related sectors."", ""Challenges with scalability and managing cloud infrastructure efficiently, as hinted by investments and growth aimed at reimagining cloud services.""]","[""https://www-preview.app.render.com/careers"", ""https://render.com/careers"", ""https://render.com/blog"", ""https://render.com/press"", ""https://render.com/pricing"", ""https://render.com/customers"", ""https://render.com/about-us"", ""https://www-preview.app.render.com/pay/rewards"", ""https://render.com/case-studies"", ""https://crypto.news/tag/render"", ""https://render.com/use-cases"", ""https://coinmarketcap.com/cmc-ai/render/latest-updates"", ""https://render.com"", ""https://render.com/company"", ""https://render.com/about"", ""https://render.com/docs"", ""https://render.com/jobs""]","[""Opens in a new windowOpens an external websiteOpens an external website in a new window Close this dialog This website utilizes technologies such as cookies to enable essential site functionality, as well as for analytics, personalization, and targeted advertising. To learn more, view the following link: [Privacy Policy](https://render.com/privacy) Close Cookie Preferences Switching clouds? Get up"", ""Opens in a new windowOpens an external websiteOpens an external website in a new window Close this dialog This website utilizes technologies such as cookies to enable essential site functionality, as well as for analytics, personalization, and targeted advertising. To learn more, view the following link: [Privacy Policy](https://render.com/privacy) Close Cookie Preferences Switching clouds? Get up"", ""Opens in a new windowOpens an external websiteOpens an external website in a new window Close this dialog This website utilizes technologies such as cookies to enable essential site functionality, as well as for analytics, personalization, and targeted advertising. To learn more, view the following link: [Privacy Policy](https://render.com/privacy) Close Cookie Preferences Switching clouds? Get up"", ""Opens in a new windowOpens an external websiteOpens an external website in a new window Close this dialog This website utilizes technologies such as cookies to enable essential site functionality, as well as for analytics, personalization, and targeted advertising. To learn more, view the following link: [Privacy Policy](https://render.com/privacy) Close Cookie Preferences Switching clouds? Get up"", ""Opens in a new windowOpens an external websiteOpens an external website in a new window Close this dialog This website utilizes technologies such as cookies to enable essential site functionality, as well as for analytics, personalization, and targeted advertising. To learn more, view the following link: [Privacy Policy](https://render.com/privacy) Close Cookie Preferences Switching clouds? Get up"", ""Opens in a new windowOpens an external websiteOpens an external website in a new window Close this dialog This website utilizes technologies such as cookies to enable essential site functionality, as well as for analytics, personalization, and targeted advertising. To learn more, view the following link: [Privacy Policy](https://render.com/privacy) Close Cookie Preferences Switching clouds? Get up"", ""Opens in a new windowOpens an external websiteOpens an external website in a new window Close this dialog This website utilizes technologies such as cookies to enable essential site functionality, as well as for analytics, personalization, and targeted advertising. To learn more, view the following link: [Privacy Policy](https://render.com/privacy) Close Cookie Preferences Switching clouds? Get up"", ""Opens in a new windowOpens an external websiteOpens an external website in a new window Close this dialog This website utilizes technologies such as cookies to enable essential site functionality, as well as for analytics, personalization, and targeted advertising. To learn more, view the following link: [Privacy Policy](https://render.com/privacy) Close Cookie Preferences Switching clouds? Get up"", ""Opens in a new windowOpens an external websiteOpens an external website in a new window Close this dialog This website utilizes technologies such as cookies to enable essential site functionality, as well as for analytics, personalization, and targeted advertising. To learn more, view the following link: [Privacy Policy](https://render.com/privacy) Close Cookie Preferences Switching clouds? Get up"", ""Opens in a new windowOpens an external websiteOpens an external website in a new window Close this dialog This website utilizes technologies such as cookies to enable essential site functionality, as well as for analytics, personalization, and targeted advertising. To learn more, view the following link: [Privacy Policy](https://render.com/privacy) Close Cookie Preferences ## Ship your first app G"", ""Opens in a new windowOpens an external websiteOpens an external website in a new window Close this dialog This website utilizes technologies such as cookies to enable essential site functionality, as well as for analytics, personalization, and targeted advertising. To learn more, view the following link: [Privacy Policy](https://render.com/privacy) Close Cookie Preferences Switching clouds? Get up"", ""Opens in a new windowOpens an external websiteOpens an external website in a new window Close this dialog This website utilizes technologies such as cookies to enable essential site functionality, as well as for analytics, personalization, and targeted advertising. To learn more, view the following link: [Privacy Policy](https://render.com/privacy) Close Cookie Preferences Switching clouds? Get up"", ""AI Tokens Trend as Demand Grows (4 July 2026) \u2013 Render is named a top-five trending AI token, linking its decentralized GPU compute to rising sector demand."", ""Render rose 13.16% to $2.25 as active wallets hit a 12-week high, while derivatives volume jumped 126.52% and open interest rose on May 26."", ""Find the latest news, press releases, and media resources from Render. News & Coverage Render, Cloud Services, and Growth \u2026 $80M to reimagine the cloud for the"", ""Ready to join Bolt on our mission to perfect the checkout experience? We're hiring! Browse available roles on our career page."", ""Careers. We're hiring \u00b7 Security. Support. Contact us \u00b7 Documentation \u00b7 Getting started \u00b7 Operational status. Resources. Case studies \u00b7 Ebooks and reports""]","Hi there,
I noticed Render focuses on enabling smooth cloud switching, which is great given the common challenge many developers face with getting up to speed rapidly when changing cloud providers. I understand that managing this transition can be time-consuming and complex.
Can we schedule a brief call to discuss strategies that could simplify this process and enhance scalability for your team?
Looking forward to your thoughts.
Best regards,",0.7,True,0.98,2026-07-06T02:24:38.024371+00:00,"[""low_confidence_score""]"
GitHub,https://github.com,software development,GitHub is a platform for developer collaboration that accelerates human progress by providing tools and features to streamline software development workflows.,software developers and development teams,"[""Managing security vulnerabilities like secret leaks in code repositories."", ""Need for customized code analysis and security validation to fit specific project needs."", ""Providing powerful tools and features that integrate seamlessly to improve developer workflows.""]","[""https://github.com/case-studies"", ""https://github.com/careers"", ""https://github.com/docs"", ""https://www.infoq.com/github/news"", ""https://github.com/about-us"", ""https://github.com/company"", ""https://github.com/blog"", ""https://github.com"", ""https://github.com/newsroom/press-releases"", ""https://github.com/about"", ""https://github.com/customers"", ""https://github.com/use-cases"", ""https://github.blog/news-insights/product-news"", ""https://github.com/pricing"", ""https://github.com/jobs""]","[""[Skip to content](https://github.com/#start-of-content) You signed in with another tab or window. [Reload](https://github.com/) to refresh your session.You signed out in another tab or window. [Reload](https://github.com/) to refresh your session.You switched accounts on another tab or window. [Reload](https://github.com/) to refresh your session.Dismiss alert {{ message }} Mona the Octocat, Copil"", ""[Skip to content](https://github.com/about#start-of-content) You signed in with another tab or window. [Reload](https://github.com/about) to refresh your session.You signed out in another tab or window. [Reload](https://github.com/about) to refresh your session.You switched accounts on another tab or window. [Reload](https://github.com/about) to refresh your session.Dismiss alert {{ message }} ![]"", ""[Skip to content](https://github.com/about-us#start-of-content) You signed in with another tab or window. [Reload](https://github.com/about-us) to refresh your session.You signed out in another tab or window. [Reload](https://github.com/about-us) to refresh your session.You switched accounts on another tab or window. [Reload](https://github.com/about-us) to refresh your session.Dismiss alert {{ me"", ""[Skip to content](https://github.com/company#start-of-content) You signed in with another tab or window. [Reload](https://github.com/company) to refresh your session.You signed out in another tab or window. [Reload](https://github.com/company) to refresh your session.You switched accounts on another tab or window. [Reload](https://github.com/company) to refresh your session.Dismiss alert {{ messag"", ""[Skip to content](https://github.com/pricing#start-of-content) You signed in with another tab or window. [Reload](https://github.com/pricing) to refresh your session.You signed out in another tab or window. [Reload](https://github.com/pricing) to refresh your session.You switched accounts on another tab or window. [Reload](https://github.com/pricing) to refresh your session.Dismiss alert {{ messag"", ""[Skip to content](https://github.com/customer-stories#start-of-content) You signed in with another tab or window. [Reload](https://github.com/customer-stories) to refresh your session.You signed out in another tab or window. [Reload](https://github.com/customer-stories) to refresh your session.You switched accounts on another tab or window. [Reload](https://github.com/customer-stories) to refresh "", ""[Skip to content](https://github.com/customer-stories#start-of-content) You signed in with another tab or window. [Reload](https://github.com/customer-stories) to refresh your session.You signed out in another tab or window. [Reload](https://github.com/customer-stories) to refresh your session.You switched accounts on another tab or window. [Reload](https://github.com/customer-stories) to refresh "", ""[Skip to content](https://github.com/use-cases#start-of-content) You signed in with another tab or window. [Reload](https://github.com/use-cases) to refresh your session.You signed out in another tab or window. [Reload](https://github.com/use-cases) to refresh your session.You switched accounts on another tab or window. [Reload](https://github.com/use-cases) to refresh your session.Dismiss alert {"", ""- ![Mona floats above green geometric blocks that include a GitHub invertocat logo in a decorative scene.](https://github.blog/wp-content/uploads/2026/01/generic-github-invertocat-mona-logo.png?resize=800%2C425) [Application security](https://github.blog/security/application-security/) ## [How GitHub used secret scanning to reach inbox zero](https://github.blog/security/application-security/how-gi"", ""[Skip to content](https://github.com/docs#start-of-content) You signed in with another tab or window. [Reload](https://github.com/docs) to refresh your session.You signed out in another tab or window. [Reload](https://github.com/docs) to refresh your session.You switched accounts on another tab or window. [Reload](https://github.com/docs) to refresh your session.Dismiss alert {{ message }} ### Uh "", ""Skip to Main Content # Let\u2019s build from here, together Join the team accelerating human progress through developer collaboration. Keyword Search Search for jobs by keywordSearch for jobs by keyword Location Search Search Location Search Location location\\_on Searchsearch Keyword Search Search for jobs by keywordSearch for jobs by keyword Location Search Search Location Search Location location\\_on"", ""[Skip to content](https://github.com/jobs#start-of-content) You signed in with another tab or window. [Reload](https://github.com/jobs) to refresh your session.You signed out in another tab or window. [Reload](https://github.com/jobs) to refresh your session.You switched accounts on another tab or window. [Reload](https://github.com/jobs) to refresh your session.Dismiss alert {{ message }} ![](<Ba"", ""GitHub has introduced a significant update to its CodeQL engine, enabling developers to define custom sanitizers and validators directly through \""models-as-data"", ""The latest news and updates around GitHub's suite of tools and features. From new capabilities and products that streamline software development to powerful"", ""GitHub Introduces Coding Agent For GitHub Copilot May 19, 2025 Read GitHub Brings Data Residency to the United States with GitHub Enterprise Cloud May 12, 2025""]","Hi,

I noticed GitHub recently enhanced its CodeQL engine to allow developers to define custom sanitizers and validators, which is a smart move towards better security. Many development teams face challenges managing security vulnerabilities like secret leaks in code repositories, which can be risky and affect workflow productivity.

I'd love to explore how we can support your teams in customizing code analysis to seamlessly fit your projects, complementing your existing tools.

Are you available for a brief call next week to discuss?

Best regards,",0.85,True,0.96,2026-07-06T02:24:55.785948+00:00,"[""unsupported_outreach_claims""]"
